Gazette_ID,Published_Date,Product_Title,Category,Data_Key,Data_Value,S_No
265414_14_Aug_2025,14-Aug-2025,11. Anti-transpirant (1) S- Abscisic acid (8.3%) (Granule),Composition,Ingredients,"S- Abscisic acid per cent. by weight, minimum",(i)
265414_14_Aug_2025,14-Aug-2025,11. Anti-transpirant (1) S- Abscisic acid (8.3%) (Granule),Composition,Content,8.3,(i)
265414_14_Aug_2025,14-Aug-2025,11. Anti-transpirant (1) S- Abscisic acid (8.3%) (Granule),Composition,Ingredients,"Malic acid per cent. by weight, minimum",(ii)
265414_14_Aug_2025,14-Aug-2025,11. Anti-transpirant (1) S- Abscisic acid (8.3%) (Granule),Composition,Content,QS,(ii)
265414_14_Aug_2025,14-Aug-2025,11. Anti-transpirant (1) S- Abscisic acid (8.3%) (Granule),Composition,Ingredients,Total (per cent.),(iii)
265414_14_Aug_2025,14-Aug-2025,11. Anti-transpirant (1) S- Abscisic acid (8.3%) (Granule),Composition,Content,100,(iii)
265414_14_Aug_2025,14-Aug-2025,11. Anti-transpirant (1) S- Abscisic acid (8.3%) (Granule),Specifications,Parameters,"S- Abscisic acid per cent. by weight, minimum",(i)
265414_14_Aug_2025,14-Aug-2025,11. Anti-transpirant (1) S- Abscisic acid (8.3%) (Granule),Specifications,Value,8.33,(i)
265414_14_Aug_2025,14-Aug-2025,11. Anti-transpirant (1) S- Abscisic acid (8.3%) (Granule),Specifications,Parameters,"Malic acid per cent. by weight, minimum",(ii)
265414_14_Aug_2025,14-Aug-2025,11. Anti-transpirant (1) S- Abscisic acid (8.3%) (Granule),Specifications,Value,84.4,(ii)
265414_14_Aug_2025,14-Aug-2025,11. Anti-transpirant (1) S- Abscisic acid (8.3%) (Granule),Specifications,Parameters,pH (1% Aqueous solution),(iii)
265414_14_Aug_2025,14-Aug-2025,11. Anti-transpirant (1) S- Abscisic acid (8.3%) (Granule),Specifications,Value,2.3 ± 0.5,(iii)
265414_14_Aug_2025,14-Aug-2025,11. Anti-transpirant (1) S- Abscisic acid (8.3%) (Granule),Specifications,Parameters,Bulk density (gram/cc),(iv)
265414_14_Aug_2025,14-Aug-2025,11. Anti-transpirant (1) S- Abscisic acid (8.3%) (Granule),Specifications,Value,0.58 ± 0.2,(iv)
265414_14_Aug_2025,14-Aug-2025,11. Anti-transpirant (1) S- Abscisic acid (8.3%) (Granule),Specifications,Parameters,"Solubility per cent. by weight, minimum",(v)
265414_14_Aug_2025,14-Aug-2025,11. Anti-transpirant (1) S- Abscisic acid (8.3%) (Granule),Specifications,Value,90,(v)
265414_14_Aug_2025,14-Aug-2025,(23) Humic acid 50% (Powder),Composition,Ingredients,"Humic acid (Source: Plant derived) per cent. by weight, minimum",(i)
265414_14_Aug_2025,14-Aug-2025,(23) Humic acid 50% (Powder),Composition,Content,50,(i)
265414_14_Aug_2025,14-Aug-2025,(23) Humic acid 50% (Powder),Composition,Ingredients,Lactose per cent. by weight,(ii)
265414_14_Aug_2025,14-Aug-2025,(23) Humic acid 50% (Powder),Composition,Content,QS,(ii)
265414_14_Aug_2025,14-Aug-2025,(23) Humic acid 50% (Powder),Composition,Ingredients,Total (per cent.),(iii)
265414_14_Aug_2025,14-Aug-2025,(23) Humic acid 50% (Powder),Composition,Content,100,(iii)
265414_14_Aug_2025,14-Aug-2025,(23) Humic acid 50% (Powder),Specifications,Parameters,"Humic acid per cent. by weight, minimum",(i)
265414_14_Aug_2025,14-Aug-2025,(23) Humic acid 50% (Powder),Specifications,Value,50,(i)
265414_14_Aug_2025,14-Aug-2025,(23) Humic acid 50% (Powder),Specifications,Parameters,pH(1% aqueous solution),(ii)
265414_14_Aug_2025,14-Aug-2025,(23) Humic acid 50% (Powder),Specifications,Value,6- 8,(ii)
265414_14_Aug_2025,14-Aug-2025,(23) Humic acid 50% (Powder),Specifications,Parameters,Bulk density (gram/cc),(iii)
265414_14_Aug_2025,14-Aug-2025,(23) Humic acid 50% (Powder),Specifications,Value,0.70 ± 0.02,(iii)
265414_14_Aug_2025,14-Aug-2025,(23) Humic acid 50% (Powder),Specifications,Parameters,"Total organic carbon per cent. by weight, minimum",(iv)
265414_14_Aug_2025,14-Aug-2025,(23) Humic acid 50% (Powder),Specifications,Value,32,(iv)
265414_14_Aug_2025,14-Aug-2025,(23) Humic acid 50% (Powder),Specifications,Parameters,"Solubility per cent. by weight, minimum",(v)
265414_14_Aug_2025,14-Aug-2025,(23) Humic acid 50% (Powder),Specifications,Value,65,(v)
265414_14_Aug_2025,14-Aug-2025,(21) Seaweed (Sargassum wightii) extract 35 % (Powder),Composition,Ingredients,"Seaweed (Sargassum wightii) extract per cent. by weight, minimum",(i)
265414_14_Aug_2025,14-Aug-2025,(21) Seaweed (Sargassum wightii) extract 35 % (Powder),Composition,Content,35,(i)
265414_14_Aug_2025,14-Aug-2025,(22) Seaweed (Sargassum wightii) extract 5 % (Granuler),Composition,Ingredients,"Seaweed (Sargassum wightii) extract per cent. by weight, minimum",(i)
265414_14_Aug_2025,14-Aug-2025,(22) Seaweed (Sargassum wightii) extract 5 % (Granuler),Composition,Content,5,(i)
265414_14_Aug_2025,14-Aug-2025,(22) Seaweed (Sargassum wightii) extract 5 % (Granuler),Composition,Ingredients,Bentonite per cent. by weight,(ii)
265414_14_Aug_2025,14-Aug-2025,(22) Seaweed (Sargassum wightii) extract 5 % (Granuler),Composition,Content,QS,(ii)
265414_14_Aug_2025,14-Aug-2025,(22) Seaweed (Sargassum wightii) extract 5 % (Granuler),Composition,Ingredients,Total (per cent.),(iii)
265414_14_Aug_2025,14-Aug-2025,(22) Seaweed (Sargassum wightii) extract 5 % (Granuler),Composition,Content,100,(iii)
265414_14_Aug_2025,14-Aug-2025,(22) Seaweed (Sargassum wightii) extract 5 % (Granuler),Specifications,Parameters,"Alginic acid per cent. by weight, minimum",(i)
265414_14_Aug_2025,14-Aug-2025,(22) Seaweed (Sargassum wightii) extract 5 % (Granuler),Specifications,Value,0.3,(i)
265414_14_Aug_2025,14-Aug-2025,(22) Seaweed (Sargassum wightii) extract 5 % (Granuler),Specifications,Parameters,"Total dissolved solids per cent. by weight, minimum",(ii)
265414_14_Aug_2025,14-Aug-2025,(22) Seaweed (Sargassum wightii) extract 5 % (Granuler),Specifications,Value,3,(ii)
265414_14_Aug_2025,14-Aug-2025,(22) Seaweed (Sargassum wightii) extract 5 % (Granuler),Specifications,Parameters,"Organic carbon per cent. by weight, minimum",(iii)
265414_14_Aug_2025,14-Aug-2025,(22) Seaweed (Sargassum wightii) extract 5 % (Granuler),Specifications,Value,1,(iii)
265414_14_Aug_2025,14-Aug-2025,(22) Seaweed (Sargassum wightii) extract 5 % (Granuler),Specifications,Parameters,pH (1 % aqueous solution),(iv)
265414_14_Aug_2025,14-Aug-2025,(22) Seaweed (Sargassum wightii) extract 5 % (Granuler),Specifications,Value,9-10,(iv)
265414_14_Aug_2025,14-Aug-2025,(22) Seaweed (Sargassum wightii) extract 5 % (Granuler),Specifications,Parameters,Bulk density (gram/cc),(v)
265414_14_Aug_2025,14-Aug-2025,(22) Seaweed (Sargassum wightii) extract 5 % (Granuler),Specifications,Value,1.2-1.4,(v)
265414_14_Aug_2025,14-Aug-2025,(22) Seaweed (Sargassum wightii) extract 5 % (Granuler),Specifications,Parameters,"Solubility per cent. by weight, minimum",(vi)
265414_14_Aug_2025,14-Aug-2025,(22) Seaweed (Sargassum wightii) extract 5 % (Granuler),Specifications,Value,5,(vi)
265414_14_Aug_2025,14-Aug-2025,(25) Seaweed (Kappaphycus alvarezii) extract- 17% (Liquid),Composition,Ingredients,"Seaweed (Kappaphycus alvarezii) extract per cent. by volume, minimum",(i)
265414_14_Aug_2025,14-Aug-2025,(25) Seaweed (Kappaphycus alvarezii) extract- 17% (Liquid),Composition,Content,17,(i)
265414_14_Aug_2025,14-Aug-2025,(25) Seaweed (Kappaphycus alvarezii) extract- 17% (Liquid),Composition,Ingredients,"Organic acids (acetic acid, citric acid and lactic acid) per cent. by volume, minimum",(ii)
265414_14_Aug_2025,14-Aug-2025,(25) Seaweed (Kappaphycus alvarezii) extract- 17% (Liquid),Composition,Content,2.5,(ii)
265414_14_Aug_2025,14-Aug-2025,(25) Seaweed (Kappaphycus alvarezii) extract- 17% (Liquid),Composition,Ingredients,Water per cent. by volume,(iii)
265414_14_Aug_2025,14-Aug-2025,(25) Seaweed (Kappaphycus alvarezii) extract- 17% (Liquid),Composition,Content,QS,(iii)
265414_14_Aug_2025,14-Aug-2025,(25) Seaweed (Kappaphycus alvarezii) extract- 17% (Liquid),Composition,Ingredients,Total (per cent.),(iv)
265414_14_Aug_2025,14-Aug-2025,(25) Seaweed (Kappaphycus alvarezii) extract- 17% (Liquid),Composition,Content,100,(iv)
265414_14_Aug_2025,14-Aug-2025,(25) Seaweed (Kappaphycus alvarezii) extract- 17% (Liquid),Specifications,Parameters,"Carrageenan per cent. by weight, minimum",(i)
265414_14_Aug_2025,14-Aug-2025,(25) Seaweed (Kappaphycus alvarezii) extract- 17% (Liquid),Specifications,Value,4.2,(i)
265414_14_Aug_2025,14-Aug-2025,(25) Seaweed (Kappaphycus alvarezii) extract- 17% (Liquid),Specifications,Parameters,"Carbohydrates per cent. by weight, minimum",(ii)
265414_14_Aug_2025,14-Aug-2025,(25) Seaweed (Kappaphycus alvarezii) extract- 17% (Liquid),Specifications,Value,6.2,(ii)
265414_14_Aug_2025,14-Aug-2025,(25) Seaweed (Kappaphycus alvarezii) extract- 17% (Liquid),Specifications,Parameters,pH (50 % aqueous solution),(iii)
265414_14_Aug_2025,14-Aug-2025,(25) Seaweed (Kappaphycus alvarezii) extract- 17% (Liquid),Specifications,Value,3- 5,(iii)
265414_14_Aug_2025,14-Aug-2025,(25) Seaweed (Kappaphycus alvarezii) extract- 17% (Liquid),Specifications,Parameters,Specific gravity,(iv)
265414_14_Aug_2025,14-Aug-2025,(25) Seaweed (Kappaphycus alvarezii) extract- 17% (Liquid),Specifications,Value,1.10- 1.15,(iv)
265414_14_Aug_2025,14-Aug-2025,(25) Seaweed (Kappaphycus alvarezii) extract- 17% (Liquid),Specifications,Parameters,"Solubility per cent. by weight, minimum",(v)
265414_14_Aug_2025,14-Aug-2025,(25) Seaweed (Kappaphycus alvarezii) extract- 17% (Liquid),Specifications,Value,98,(v)
265414_14_Aug_2025,14-Aug-2025,(25) Seaweed (Kappaphycus alvarezii) extract- 17% (Liquid),Specifications,Parameters,"Total organic carbon per cent. by weight, minimum",(vi)
265414_14_Aug_2025,14-Aug-2025,(25) Seaweed (Kappaphycus alvarezii) extract- 17% (Liquid),Specifications,Value,4.8,(vi)
265414_14_Aug_2025,14-Aug-2025,(25) Seaweed (Kappaphycus alvarezii) extract- 17% (Liquid),Specifications,Parameters,"Total dissolved solid per cent. by weight, minimum",(vii)
265414_14_Aug_2025,14-Aug-2025,(25) Seaweed (Kappaphycus alvarezii) extract- 17% (Liquid),Specifications,Value,19.5,(vii)
265414_14_Aug_2025,14-Aug-2025,(26) Seaweed (Ascophyllum nodosum) extract 18.4% (Liquid),Composition,Ingredients,"Seaweed (Ascophyllum nodosum) extract per cent. by weight, minimum",(i)
265414_14_Aug_2025,14-Aug-2025,(26) Seaweed (Ascophyllum nodosum) extract 18.4% (Liquid),Composition,Content,18.45,(i)
265414_14_Aug_2025,14-Aug-2025,(26) Seaweed (Ascophyllum nodosum) extract 18.4% (Liquid),Composition,Ingredients,Water per cent. by weight,(ii)
265414_14_Aug_2025,14-Aug-2025,(26) Seaweed (Ascophyllum nodosum) extract 18.4% (Liquid),Composition,Content,81.55,(ii)
265414_14_Aug_2025,14-Aug-2025,(26) Seaweed (Ascophyllum nodosum) extract 18.4% (Liquid),Composition,Ingredients,Total (per cent.),(iii)
265414_14_Aug_2025,14-Aug-2025,(26) Seaweed (Ascophyllum nodosum) extract 18.4% (Liquid),Composition,Content,100,(iii)
265414_14_Aug_2025,14-Aug-2025,(26) Seaweed (Ascophyllum nodosum) extract 18.4% (Liquid),Specifications,Parameters,"Alginic acid per cent. by weight, minimum",(i)
265414_14_Aug_2025,14-Aug-2025,(26) Seaweed (Ascophyllum nodosum) extract 18.4% (Liquid),Specifications,Value,1.0,(i)
265414_14_Aug_2025,14-Aug-2025,(26) Seaweed (Ascophyllum nodosum) extract 18.4% (Liquid),Specifications,Parameters,pH (10% aqueous solution),(ii)
265414_14_Aug_2025,14-Aug-2025,(26) Seaweed (Ascophyllum nodosum) extract 18.4% (Liquid),Specifications,Value,4-5,(ii)
265414_14_Aug_2025,14-Aug-2025,(26) Seaweed (Ascophyllum nodosum) extract 18.4% (Liquid),Specifications,Parameters,"Total organic carbon per cent. by weight, minimum",(iii)
265414_14_Aug_2025,14-Aug-2025,(26) Seaweed (Ascophyllum nodosum) extract 18.4% (Liquid),Specifications,Value,0.37,(iii)
265414_14_Aug_2025,14-Aug-2025,(26) Seaweed (Ascophyllum nodosum) extract 18.4% (Liquid),Specifications,Parameters,"Solubility per cent. by weight, minimum",(iv)
265414_14_Aug_2025,14-Aug-2025,(26) Seaweed (Ascophyllum nodosum) extract 18.4% (Liquid),Specifications,Value,99.45,(iv)
265414_14_Aug_2025,14-Aug-2025,(26) Seaweed (Ascophyllum nodosum) extract 18.4% (Liquid),Specifications,Parameters,Specific gravity,(v)
265414_14_Aug_2025,14-Aug-2025,(26) Seaweed (Ascophyllum nodosum) extract 18.4% (Liquid),Specifications,Value,1.50-1.54,(v)
265414_14_Aug_2025,14-Aug-2025,(26) Seaweed (Ascophyllum nodosum) extract 18.4% (Liquid),Specifications,Parameters,"Total dissolved solids per cent. by weight, minimum",(vi)
265414_14_Aug_2025,14-Aug-2025,(26) Seaweed (Ascophyllum nodosum) extract 18.4% (Liquid),Specifications,Value,18.45,(vi)
265414_14_Aug_2025,14-Aug-2025,(17) Mixture of humic substances and seaweed extract (Liquid),Composition,Ingredients,"Humic substances (Source: Brown coal) per cent. by weight, minimum",(i)
265414_14_Aug_2025,14-Aug-2025,(17) Mixture of humic substances and seaweed extract (Liquid),Composition,Content,5,(i)
265414_14_Aug_2025,14-Aug-2025,(17) Mixture of humic substances and seaweed extract (Liquid),Composition,Ingredients,"Seaweed (Ascophyllum nodosum) extract per cent. by weight, minimum",(ii)
265414_14_Aug_2025,14-Aug-2025,(17) Mixture of humic substances and seaweed extract (Liquid),Composition,Content,24,(ii)
265414_14_Aug_2025,14-Aug-2025,(17) Mixture of humic substances and seaweed extract (Liquid),Composition,Ingredients,"Alkaline reagents (anyone or combination of potassium hydroxide, sodium hydroxide, dipotassium hydrogen phosphate, potassium carbonate) per cent. by weight, minimum",(iii)
265414_14_Aug_2025,14-Aug-2025,(17) Mixture of humic substances and seaweed extract (Liquid),Composition,Content,5,(iii)
265414_14_Aug_2025,14-Aug-2025,(17) Mixture of humic substances and seaweed extract (Liquid),Composition,Ingredients,Water per cent. by weight,(iv)
265414_14_Aug_2025,14-Aug-2025,(17) Mixture of humic substances and seaweed extract (Liquid),Composition,Content,QS,(iv)
265414_14_Aug_2025,14-Aug-2025,(17) Mixture of humic substances and seaweed extract (Liquid),Composition,Ingredients,Total (per cent.),(v)
265414_14_Aug_2025,14-Aug-2025,(17) Mixture of humic substances and seaweed extract (Liquid),Composition,Content,100,(v)
265414_14_Aug_2025,14-Aug-2025,(17) Mixture of humic substances and seaweed extract (Liquid),Specifications,Parameters,"Humic acid per cent. by weight, minimum",(i)
265414_14_Aug_2025,14-Aug-2025,(17) Mixture of humic substances and seaweed extract (Liquid),Specifications,Value,2.5,(i)
265414_14_Aug_2025,14-Aug-2025,(17) Mixture of humic substances and seaweed extract (Liquid),Specifications,Parameters,"Fulvic acid per cent. by weight, minimum",(ii)
265414_14_Aug_2025,14-Aug-2025,(17) Mixture of humic substances and seaweed extract (Liquid),Specifications,Value,0.3,(ii)
265414_14_Aug_2025,14-Aug-2025,(17) Mixture of humic substances and seaweed extract (Liquid),Specifications,Parameters,"Alginic acid per cent. by weight, minimum",(iii)
265414_14_Aug_2025,14-Aug-2025,(17) Mixture of humic substances and seaweed extract (Liquid),Specifications,Value,1.0,(iii)
265414_14_Aug_2025,14-Aug-2025,(17) Mixture of humic substances and seaweed extract (Liquid),Specifications,Parameters,pH (as such),(iv)
265414_14_Aug_2025,14-Aug-2025,(17) Mixture of humic substances and seaweed extract (Liquid),Specifications,Value,8.0- 10.0,(iv)
265414_14_Aug_2025,14-Aug-2025,(17) Mixture of humic substances and seaweed extract (Liquid),Specifications,Parameters,Specific gravity,(v)
265414_14_Aug_2025,14-Aug-2025,(17) Mixture of humic substances and seaweed extract (Liquid),Specifications,Value,1.0- 1.1,(v)
265414_14_Aug_2025,14-Aug-2025,(17) Mixture of humic substances and seaweed extract (Liquid),Specifications,Parameters,"Total organic carbon per cent. by weight, minimum",(vi)
265414_14_Aug_2025,14-Aug-2025,(17) Mixture of humic substances and seaweed extract (Liquid),Specifications,Value,3,(vi)
265414_14_Aug_2025,14-Aug-2025,(17) Mixture of humic substances and seaweed extract (Liquid),Specifications,Parameters,"Solubility per cent. by weight, minimum",(vii)
265414_14_Aug_2025,14-Aug-2025,(17) Mixture of humic substances and seaweed extract (Liquid),Specifications,Value,97,(vii)
265414_14_Aug_2025,14-Aug-2025,(17) Mixture of humic substances and seaweed extract (Liquid),Specifications,Parameters,"Total dissolved solids per cent. by weight, minimum",(viii)
265414_14_Aug_2025,14-Aug-2025,(17) Mixture of humic substances and seaweed extract (Liquid),Specifications,Value,12,(viii)
265414_14_Aug_2025,14-Aug-2025,"Mixture of Seaweed extract, Potassium Humate and Protein Hydrolysates (Liquid)",Composition,Ingredients,"Seaweed (Sargassum tenerimum) extract per cent. by weight, minimum",(i)
265414_14_Aug_2025,14-Aug-2025,"Mixture of Seaweed extract, Potassium Humate and Protein Hydrolysates (Liquid)",Composition,Content,10,(i)
265414_14_Aug_2025,14-Aug-2025,"Mixture of Seaweed extract, Potassium Humate and Protein Hydrolysates (Liquid)",Composition,Ingredients,"Potassium humate per cent. by weight, minimum (Source: Leonardite)",(ii)
265414_14_Aug_2025,14-Aug-2025,"Mixture of Seaweed extract, Potassium Humate and Protein Hydrolysates (Liquid)",Composition,Content,5,(ii)
265414_14_Aug_2025,14-Aug-2025,"Mixture of Seaweed extract, Potassium Humate and Protein Hydrolysates (Liquid)",Composition,Ingredients,"Protein Hydrolysates derived through enzymatic (Protease) hydrolysis of Glycine max grain flour per cent. by weight, minimum",(iii)
265414_14_Aug_2025,14-Aug-2025,"Mixture of Seaweed extract, Potassium Humate and Protein Hydrolysates (Liquid)",Composition,Content,15,(iii)
265414_14_Aug_2025,14-Aug-2025,"Mixture of Seaweed extract, Potassium Humate and Protein Hydrolysates (Liquid)",Composition,Ingredients,"Xanthum gum. by weight, minimum",(iv)
265414_14_Aug_2025,14-Aug-2025,"Mixture of Seaweed extract, Potassium Humate and Protein Hydrolysates (Liquid)",Composition,Content,0.05,(iv)
265414_14_Aug_2025,14-Aug-2025,"Mixture of Seaweed extract, Potassium Humate and Protein Hydrolysates (Liquid)",Composition,Ingredients,"Water per cent. by weight, minimum",(v)
265414_14_Aug_2025,14-Aug-2025,"Mixture of Seaweed extract, Potassium Humate and Protein Hydrolysates (Liquid)",Composition,Content,QS,(v)
265414_14_Aug_2025,14-Aug-2025,"Mixture of Seaweed extract, Potassium Humate and Protein Hydrolysates (Liquid)",Composition,Ingredients,Total (per cent.),(vi)
265414_14_Aug_2025,14-Aug-2025,"Mixture of Seaweed extract, Potassium Humate and Protein Hydrolysates (Liquid)",Composition,Content,100,(vi)
265414_14_Aug_2025,14-Aug-2025,"Mixture of Seaweed extract, Potassium Humate and Protein Hydrolysates (Liquid)",Specifications,Parameters,"Alginc acid per cent. by weight, minimum",(i)
265414_14_Aug_2025,14-Aug-2025,"Mixture of Seaweed extract, Potassium Humate and Protein Hydrolysates (Liquid)",Specifications,Value,2.0,(i)
265414_14_Aug_2025,14-Aug-2025,"Mixture of Seaweed extract, Potassium Humate and Protein Hydrolysates (Liquid)",Specifications,Parameters,"Humic acid per cent. by weight, minimum",(ii)
265414_14_Aug_2025,14-Aug-2025,"Mixture of Seaweed extract, Potassium Humate and Protein Hydrolysates (Liquid)",Specifications,Value,2.0,(ii)
265414_14_Aug_2025,14-Aug-2025,"Mixture of Seaweed extract, Potassium Humate and Protein Hydrolysates (Liquid)",Specifications,Parameters,"Total amino acid per cent. by weight, minimum",(iii)
265414_14_Aug_2025,14-Aug-2025,"Mixture of Seaweed extract, Potassium Humate and Protein Hydrolysates (Liquid)",Specifications,Value,5.0,(iii)
265414_14_Aug_2025,14-Aug-2025,(21) Mixture of Seaweed extract and Humic acid (Granule),Composition,Ingredients,"Seaweed (Ascophyllum nodosum) extract per cent. by weight, minimum",(i)
265414_14_Aug_2025,14-Aug-2025,(21) Mixture of Seaweed extract and Humic acid (Granule),Composition,Content,5,(i)
265414_14_Aug_2025,14-Aug-2025,(21) Mixture of Seaweed extract and Humic acid (Granule),Composition,Ingredients,"Humic acid (Source: Leonardite) per cent. by weight, minimum",(ii)
265414_14_Aug_2025,14-Aug-2025,(21) Mixture of Seaweed extract and Humic acid (Granule),Composition,Content,2,(ii)
265414_14_Aug_2025,14-Aug-2025,(21) Mixture of Seaweed extract and Humic acid (Granule),Composition,Ingredients,"Polysorbate 80 per cent. by weight, minimum",(iii)
265414_14_Aug_2025,14-Aug-2025,(21) Mixture of Seaweed extract and Humic acid (Granule),Composition,Content,1,(iii)
265414_14_Aug_2025,14-Aug-2025,(21) Mixture of Seaweed extract and Humic acid (Granule),Composition,Ingredients,"Xanthum gum per cent. by weight, minimum",(iv)
265414_14_Aug_2025,14-Aug-2025,(21) Mixture of Seaweed extract and Humic acid (Granule),Composition,Content,1,(iv)
265414_14_Aug_2025,14-Aug-2025,(21) Mixture of Seaweed extract and Humic acid (Granule),Composition,Ingredients,"Bentonite (Roasted) per cent. by weight, minimum",(v)
265414_14_Aug_2025,14-Aug-2025,(21) Mixture of Seaweed extract and Humic acid (Granule),Composition,Content,QS,(v)
265414_14_Aug_2025,14-Aug-2025,(21) Mixture of Seaweed extract and Humic acid (Granule),Composition,Ingredients,Total (per cent.),(vi)
265414_14_Aug_2025,14-Aug-2025,(21) Mixture of Seaweed extract and Humic acid (Granule),Composition,Content,100,(vi)
265414_14_Aug_2025,14-Aug-2025,(21) Mixture of Seaweed extract and Humic acid (Granule),Specifications,Parameters,"Alginic acid content per cent. by weight, minimum",(i)
265414_14_Aug_2025,14-Aug-2025,(21) Mixture of Seaweed extract and Humic acid (Granule),Specifications,Value,0.50,(i)
265414_14_Aug_2025,14-Aug-2025,(21) Mixture of Seaweed extract and Humic acid (Granule),Specifications,Parameters,"Humic acid content per cent. by weight, minimum",(ii)
265414_14_Aug_2025,14-Aug-2025,(21) Mixture of Seaweed extract and Humic acid (Granule),Specifications,Value,0.40,(ii)
265414_14_Aug_2025,14-Aug-2025,(21) Mixture of Seaweed extract and Humic acid (Granule),Specifications,Parameters,pH (1 % aqueous solution),(iii)
265414_14_Aug_2025,14-Aug-2025,(21) Mixture of Seaweed extract and Humic acid (Granule),Specifications,Value,9.0- 11.0,(iii)
265414_14_Aug_2025,14-Aug-2025,(21) Mixture of Seaweed extract and Humic acid (Granule),Specifications,Parameters,"Solubility per cent. by weight, minimum",(iv)
265414_14_Aug_2025,14-Aug-2025,(21) Mixture of Seaweed extract and Humic acid (Granule),Specifications,Value,7,(iv)
265414_14_Aug_2025,14-Aug-2025,(21) Mixture of Seaweed extract and Humic acid (Granule),Specifications,Parameters,"Total organic carbon per cent. by weight, minimum",(v)
265414_14_Aug_2025,14-Aug-2025,(21) Mixture of Seaweed extract and Humic acid (Granule),Specifications,Value,2,(v)
265414_14_Aug_2025,14-Aug-2025,(21) Mixture of Seaweed extract and Humic acid (Granule),Specifications,Parameters,Bulk density (gram/cc),(vi)
265414_14_Aug_2025,14-Aug-2025,(21) Mixture of Seaweed extract and Humic acid (Granule),Specifications,Value,1.20- 1.25,(vi)
265414_14_Aug_2025,14-Aug-2025,(23) Mixture of Humic acid and Seaweed extract (Powder),Composition,Ingredients,"Potassium humate (Source: Plant derived) per cent. by weight, minimum",(i)
265414_14_Aug_2025,14-Aug-2025,(23) Mixture of Humic acid and Seaweed extract (Powder),Composition,Content,1.66,(i)
265414_14_Aug_2025,14-Aug-2025,(23) Mixture of Humic acid and Seaweed extract (Powder),Composition,Ingredients,"Seaweed (Ascophyllum nodosum) extract per cent. by weight, minimum",(ii)
265414_14_Aug_2025,14-Aug-2025,(23) Mixture of Humic acid and Seaweed extract (Powder),Composition,Content,2.00,(ii)
265414_14_Aug_2025,14-Aug-2025,(23) Mixture of Humic acid and Seaweed extract (Powder),Composition,Ingredients,Bentonite per cent. by weight,(iii)
265414_14_Aug_2025,14-Aug-2025,(23) Mixture of Humic acid and Seaweed extract (Powder),Composition,Content,QS,(iii)
265414_14_Aug_2025,14-Aug-2025,(23) Mixture of Humic acid and Seaweed extract (Powder),Composition,Ingredients,Total (per cent.),(iv)
265414_14_Aug_2025,14-Aug-2025,(23) Mixture of Humic acid and Seaweed extract (Powder),Composition,Content,100,(iv)
265414_14_Aug_2025,14-Aug-2025,(23) Mixture of Humic acid and Seaweed extract (Powder),Specifications,Parameters,"Humic acid per cent. by weight, minimum",(i)
265414_14_Aug_2025,14-Aug-2025,(23) Mixture of Humic acid and Seaweed extract (Powder),Specifications,Value,1.0,(i)
265414_14_Aug_2025,14-Aug-2025,(23) Mixture of Humic acid and Seaweed extract (Powder),Specifications,Parameters,"Alginic acid per cent. by weight, minimum",(ii)
265414_14_Aug_2025,14-Aug-2025,(23) Mixture of Humic acid and Seaweed extract (Powder),Specifications,Value,0.3,(ii)
265414_14_Aug_2025,14-Aug-2025,(23) Mixture of Humic acid and Seaweed extract (Powder),Specifications,Parameters,pH (1% aqueous solution),(iii)
265414_14_Aug_2025,14-Aug-2025,(23) Mixture of Humic acid and Seaweed extract (Powder),Specifications,Value,5.5 - 8.5,(iii)
265414_14_Aug_2025,14-Aug-2025,(23) Mixture of Humic acid and Seaweed extract (Powder),Specifications,Parameters,Bulk density (gram/cc),(iv)
265414_14_Aug_2025,14-Aug-2025,(23) Mixture of Humic acid and Seaweed extract (Powder),Specifications,Value,0.80 ± 0.02,(iv)
265414_14_Aug_2025,14-Aug-2025,(23) Mixture of Humic acid and Seaweed extract (Powder),Specifications,Parameters,"Total organic carbon per cent. by weight, minimum",(v)
265414_14_Aug_2025,14-Aug-2025,(23) Mixture of Humic acid and Seaweed extract (Powder),Specifications,Value,8,(v)
265414_14_Aug_2025,14-Aug-2025,(23) Mixture of Humic acid and Seaweed extract (Powder),Specifications,Parameters,"Solubility per cent. by weight, minimum",(vi)
265414_14_Aug_2025,14-Aug-2025,(23) Mixture of Humic acid and Seaweed extract (Powder),Specifications,Value,1.5,(vi)
265414_14_Aug_2025,14-Aug-2025,(23) Mixture of Humic acid and Seaweed extract (Powder),Specifications,Parameters,"Total dissolved solids per cent. by weight, minimum",(vii)
265414_14_Aug_2025,14-Aug-2025,(23) Mixture of Humic acid and Seaweed extract (Powder),Specifications,Value,2.0,(vii)
265414_14_Aug_2025,14-Aug-2025,(25) Mixture of Protein hydrolysate and Humic acid (liquid),Composition,Ingredients,"Protein hydrolysate derived from seeds of Glycine max through hydrolysis by sulphuric acid per cent. by weight, minimum",(i)
265414_14_Aug_2025,14-Aug-2025,(25) Mixture of Protein hydrolysate and Humic acid (liquid),Composition,Content,18,(i)
265414_14_Aug_2025,14-Aug-2025,(25) Mixture of Protein hydrolysate and Humic acid (liquid),Composition,Ingredients,"Humic acid (Source: organic fossils) per cent. by weight, minimum",(ii)
265414_14_Aug_2025,14-Aug-2025,(25) Mixture of Protein hydrolysate and Humic acid (liquid),Composition,Content,4.5,(ii)
265414_14_Aug_2025,14-Aug-2025,(25) Mixture of Protein hydrolysate and Humic acid (liquid),Composition,Ingredients,"Alkyl aryl ethoxylate sodium per cent. by weight, minimum",(iii)
265414_14_Aug_2025,14-Aug-2025,(25) Mixture of Protein hydrolysate and Humic acid (liquid),Composition,Content,1.0,(iii)
265414_14_Aug_2025,14-Aug-2025,(25) Mixture of Protein hydrolysate and Humic acid (liquid),Composition,Ingredients,Water per cent. by weight,(iv)
265414_14_Aug_2025,14-Aug-2025,(25) Mixture of Protein hydrolysate and Humic acid (liquid),Composition,Content,76.5,(iv)
265414_14_Aug_2025,14-Aug-2025,(25) Mixture of Protein hydrolysate and Humic acid (liquid),Composition,Ingredients,Total (per cent.),(v)
265414_14_Aug_2025,14-Aug-2025,(25) Mixture of Protein hydrolysate and Humic acid (liquid),Composition,Content,100,(v)
265414_14_Aug_2025,14-Aug-2025,(25) Mixture of Protein hydrolysate and Humic acid (liquid),Specifications,Parameters,"Total amino acids per cent. by weight, minimum",(i)
265414_14_Aug_2025,14-Aug-2025,(25) Mixture of Protein hydrolysate and Humic acid (liquid),Specifications,Value,8.0,(i)
265414_14_Aug_2025,14-Aug-2025,(25) Mixture of Protein hydrolysate and Humic acid (liquid),Specifications,Parameters,"Humic acid per cent. by weight, minimum",(ii)
265414_14_Aug_2025,14-Aug-2025,(25) Mixture of Protein hydrolysate and Humic acid (liquid),Specifications,Value,4.5,(ii)
265414_14_Aug_2025,14-Aug-2025,(25) Mixture of Protein hydrolysate and Humic acid (liquid),Specifications,Parameters,pH (10% aqueous solution),(iii)
265414_14_Aug_2025,14-Aug-2025,(25) Mixture of Protein hydrolysate and Humic acid (liquid),Specifications,Value,6 - 9,(iii)
265414_14_Aug_2025,14-Aug-2025,(25) Mixture of Protein hydrolysate and Humic acid (liquid),Specifications,Parameters,Specific gravity,(iv)
265414_14_Aug_2025,14-Aug-2025,(25) Mixture of Protein hydrolysate and Humic acid (liquid),Specifications,Value,1.10 - 1.30,(iv)
265414_14_Aug_2025,14-Aug-2025,(25) Mixture of Protein hydrolysate and Humic acid (liquid),Specifications,Parameters,"Solubility per cent. by weight, minimum",(v)
265414_14_Aug_2025,14-Aug-2025,(25) Mixture of Protein hydrolysate and Humic acid (liquid),Specifications,Value,97,(v)
265414_14_Aug_2025,14-Aug-2025,(25) Mixture of Protein hydrolysate and Humic acid (liquid),Specifications,Parameters,"Total organic carbon per cent. by weight, minimum",(vi)
265414_14_Aug_2025,14-Aug-2025,(25) Mixture of Protein hydrolysate and Humic acid (liquid),Specifications,Value,11,(vi)
265414_14_Aug_2025,14-Aug-2025,(25) Mixture of Protein hydrolysate and Humic acid (liquid),Specifications,Parameters,"Total dissolved solids per cent. by weight, minimum",(vii)
265414_14_Aug_2025,14-Aug-2025,(25) Mixture of Protein hydrolysate and Humic acid (liquid),Specifications,Value,25,(vii)
265414_14_Aug_2025,14-Aug-2025,(26) Protein hydrolysate 15% (Animal source) (Liquid),Composition,Ingredients,"Protein hydrolysate derived through enzymatic (protease) hydrolysis of skin, bones and scales of Marine Cod per cent. by weight, minimum",(i)
265414_14_Aug_2025,14-Aug-2025,(26) Protein hydrolysate 15% (Animal source) (Liquid),Composition,Content,15,(i)
265414_14_Aug_2025,14-Aug-2025,(26) Protein hydrolysate 15% (Animal source) (Liquid),Composition,Ingredients,Water per cent. by weight,(ii)
265414_14_Aug_2025,14-Aug-2025,(26) Protein hydrolysate 15% (Animal source) (Liquid),Composition,Content,QS,(ii)
265414_14_Aug_2025,14-Aug-2025,(26) Protein hydrolysate 15% (Animal source) (Liquid),Composition,Ingredients,Total (per cent.),(iii)
265414_14_Aug_2025,14-Aug-2025,(26) Protein hydrolysate 15% (Animal source) (Liquid),Composition,Content,100,(iii)
265414_14_Aug_2025,14-Aug-2025,(26) Protein hydrolysate 15% (Animal source) (Liquid),Specifications,Parameters,"Free amino acids per cent. by weight, minimum",(i)
265414_14_Aug_2025,14-Aug-2025,(26) Protein hydrolysate 15% (Animal source) (Liquid),Specifications,Value,12,(i)
265414_14_Aug_2025,14-Aug-2025,(26) Protein hydrolysate 15% (Animal source) (Liquid),Specifications,Parameters,"Total organic carbon per cent. by weight, minimum",(ii)
265414_14_Aug_2025,14-Aug-2025,(26) Protein hydrolysate 15% (Animal source) (Liquid),Specifications,Value,9.0,(ii)
265414_14_Aug_2025,14-Aug-2025,(26) Protein hydrolysate 15% (Animal source) (Liquid),Specifications,Parameters,pH (1 % aqueous solution),(iii)
265414_14_Aug_2025,14-Aug-2025,(26) Protein hydrolysate 15% (Animal source) (Liquid),Specifications,Value,3.0 - 5.0,(iii)
265414_14_Aug_2025,14-Aug-2025,(26) Protein hydrolysate 15% (Animal source) (Liquid),Specifications,Parameters,Specific gravity,(iv)
265414_14_Aug_2025,14-Aug-2025,(26) Protein hydrolysate 15% (Animal source) (Liquid),Specifications,Value,1.0 - 1.10,(iv)
265414_14_Aug_2025,14-Aug-2025,(26) Protein hydrolysate 15% (Animal source) (Liquid),Specifications,Parameters,"Solubility per cent. by weight, minimum",(v)
265414_14_Aug_2025,14-Aug-2025,(26) Protein hydrolysate 15% (Animal source) (Liquid),Specifications,Value,100,(v)
265414_14_Aug_2025,14-Aug-2025,(28) Protein hydrolysate 20% (Plant source) (Liquid),Composition,Ingredients,"Protein hydrolysate derived from seeds of Zea mays through hydrolysis by using alkaline protease and hydrochloric acid per cent. by weight, minimum",(i)
265414_14_Aug_2025,14-Aug-2025,(28) Protein hydrolysate 20% (Plant source) (Liquid),Composition,Content,20,(i)
265414_14_Aug_2025,14-Aug-2025,(28) Protein hydrolysate 20% (Plant source) (Liquid),Composition,Ingredients,Water per cent. by weight,(ii)
265414_14_Aug_2025,14-Aug-2025,(28) Protein hydrolysate 20% (Plant source) (Liquid),Composition,Content,QS,(ii)
265414_14_Aug_2025,14-Aug-2025,(28) Protein hydrolysate 20% (Plant source) (Liquid),Composition,Ingredients,Total (per cent.),(iii)
265414_14_Aug_2025,14-Aug-2025,(28) Protein hydrolysate 20% (Plant source) (Liquid),Composition,Content,100,(iii)
265414_14_Aug_2025,14-Aug-2025,(28) Protein hydrolysate 20% (Plant source) (Liquid),Specifications,Parameters,"Total amino acids per cent. by weight, minimum",(i)
265414_14_Aug_2025,14-Aug-2025,(28) Protein hydrolysate 20% (Plant source) (Liquid),Specifications,Value,20,(i)
265414_14_Aug_2025,14-Aug-2025,(28) Protein hydrolysate 20% (Plant source) (Liquid),Specifications,Parameters,"Free amino acids per cent. by weight, minimum",(ii)
265414_14_Aug_2025,14-Aug-2025,(28) Protein hydrolysate 20% (Plant source) (Liquid),Specifications,Value,20,(ii)
265414_14_Aug_2025,14-Aug-2025,(28) Protein hydrolysate 20% (Plant source) (Liquid),Specifications,Parameters,pH (10% aqueous solution),(iii)
265414_14_Aug_2025,14-Aug-2025,(28) Protein hydrolysate 20% (Plant source) (Liquid),Specifications,Value,2.50 ± 0.70,(iii)
265414_14_Aug_2025,14-Aug-2025,(28) Protein hydrolysate 20% (Plant source) (Liquid),Specifications,Parameters,Specific gravity,(iv)
265414_14_Aug_2025,14-Aug-2025,(28) Protein hydrolysate 20% (Plant source) (Liquid),Specifications,Value,1.20 ± 0.10,(iv)
265414_14_Aug_2025,14-Aug-2025,(28) Protein hydrolysate 20% (Plant source) (Liquid),Specifications,Parameters,"Total organic carbon per cent. by weight, minimum",(v)
265414_14_Aug_2025,14-Aug-2025,(28) Protein hydrolysate 20% (Plant source) (Liquid),Specifications,Value,18,(v)
265414_14_Aug_2025,14-Aug-2025,(28) Protein hydrolysate 20% (Plant source) (Liquid),Specifications,Parameters,"Total dissolved solids per cent. by weight, minimum",(vi)
265414_14_Aug_2025,14-Aug-2025,(28) Protein hydrolysate 20% (Plant source) (Liquid),Specifications,Value,50,(vi)
265414_14_Aug_2025,14-Aug-2025,(28) Protein hydrolysate 20% (Plant source) (Liquid),Specifications,Parameters,"Solubility per cent. by weight, minimum",(vii)
265414_14_Aug_2025,14-Aug-2025,(28) Protein hydrolysate 20% (Plant source) (Liquid),Specifications,Value,99,(vii)
265414_14_Aug_2025,14-Aug-2025,(31) Protein hydrolysate (Plant Source) (Liquid),Composition,Ingredients,"Protein hydrolysate derived from Zea mays seeds through hydrolysis by hydrochloric acid per cent. by weight, minimum",(i)
265414_14_Aug_2025,14-Aug-2025,(31) Protein hydrolysate (Plant Source) (Liquid),Composition,Content,38.13,(i)
265414_14_Aug_2025,14-Aug-2025,(31) Protein hydrolysate (Plant Source) (Liquid),Composition,Ingredients,Zinc sulphate monohydrate per cent. by weight,(ii)
265414_14_Aug_2025,14-Aug-2025,(31) Protein hydrolysate (Plant Source) (Liquid),Composition,Content,0.26,(ii)
265414_14_Aug_2025,14-Aug-2025,(31) Protein hydrolysate (Plant Source) (Liquid),Composition,Ingredients,Oxidized lignins per cent. by weight,(iii)
265414_14_Aug_2025,14-Aug-2025,(31) Protein hydrolysate (Plant Source) (Liquid),Composition,Content,16.10,(iii)
265414_14_Aug_2025,14-Aug-2025,(31) Protein hydrolysate (Plant Source) (Liquid),Composition,Ingredients,Inositol per cent. by weight,(iv)
265414_14_Aug_2025,14-Aug-2025,(31) Protein hydrolysate (Plant Source) (Liquid),Composition,Content,0.43,(iv)
265414_14_Aug_2025,14-Aug-2025,(31) Protein hydrolysate (Plant Source) (Liquid),Composition,Ingredients,Xanthan gum per cent. by weight,(v)
265414_14_Aug_2025,14-Aug-2025,(31) Protein hydrolysate (Plant Source) (Liquid),Composition,Content,0.05,(v)
265414_14_Aug_2025,14-Aug-2025,(31) Protein hydrolysate (Plant Source) (Liquid),Composition,Ingredients,Dimethyl polysiloxane per cent. by weight,(vi)
265414_14_Aug_2025,14-Aug-2025,(31) Protein hydrolysate (Plant Source) (Liquid),Composition,Content,0.09,(vi)
265414_14_Aug_2025,14-Aug-2025,(31) Protein hydrolysate (Plant Source) (Liquid),Composition,Ingredients,Diethylene glycol per cent. by weight,(vii)
265414_14_Aug_2025,14-Aug-2025,(31) Protein hydrolysate (Plant Source) (Liquid),Composition,Content,0.33,(vii)
265414_14_Aug_2025,14-Aug-2025,(31) Protein hydrolysate (Plant Source) (Liquid),Composition,Ingredients,"Bronopol Mix, 5- Chloro-2- Methyl- 1,2- thiazol- 3(2H)-one and 2- methyl-1,2- thiazol-3 (2H)-on per cent. by weight",(viii)
265414_14_Aug_2025,14-Aug-2025,(31) Protein hydrolysate (Plant Source) (Liquid),Composition,Content,0.31,(viii)
265414_14_Aug_2025,14-Aug-2025,(31) Protein hydrolysate (Plant Source) (Liquid),Composition,Ingredients,Water per cent. by weight,(ix)
265414_14_Aug_2025,14-Aug-2025,(31) Protein hydrolysate (Plant Source) (Liquid),Composition,Content,QS,(ix)
265414_14_Aug_2025,14-Aug-2025,(31) Protein hydrolysate (Plant Source) (Liquid),Composition,Ingredients,Total (per cent.),(x)
265414_14_Aug_2025,14-Aug-2025,(31) Protein hydrolysate (Plant Source) (Liquid),Composition,Content,100,(x)
265414_14_Aug_2025,14-Aug-2025,(31) Protein hydrolysate (Plant Source) (Liquid),Specifications,Parameters,"Free amino acids per cent. by weight, minimum",(i)
265414_14_Aug_2025,14-Aug-2025,(31) Protein hydrolysate (Plant Source) (Liquid),Specifications,Value,1.6,(i)
265414_14_Aug_2025,14-Aug-2025,(31) Protein hydrolysate (Plant Source) (Liquid),Specifications,Parameters,"Total amino acid per cent. by weight, minimum",(ii)
265414_14_Aug_2025,14-Aug-2025,(31) Protein hydrolysate (Plant Source) (Liquid),Specifications,Value,2.4,(ii)
265414_14_Aug_2025,14-Aug-2025,(31) Protein hydrolysate (Plant Source) (Liquid),Specifications,Parameters,Specific gravity,(iii)
265414_14_Aug_2025,14-Aug-2025,(31) Protein hydrolysate (Plant Source) (Liquid),Specifications,Value,1.035 - 1.100,(iii)
265414_14_Aug_2025,14-Aug-2025,(31) Protein hydrolysate (Plant Source) (Liquid),Specifications,Parameters,pH (as such),(iv)
265414_14_Aug_2025,14-Aug-2025,(31) Protein hydrolysate (Plant Source) (Liquid),Specifications,Value,2.50 - 4.00,(iv)
265414_14_Aug_2025,14-Aug-2025,(31) Protein hydrolysate (Plant Source) (Liquid),Specifications,Parameters,"Solubility per cent. by weight, minimum",(v)
265414_14_Aug_2025,14-Aug-2025,(31) Protein hydrolysate (Plant Source) (Liquid),Specifications,Value,99.99,(v)
265414_14_Aug_2025,14-Aug-2025,(31) Protein hydrolysate (Plant Source) (Liquid),Specifications,Parameters,"Total organic carbon per cent. by weight, minimum",(vi)
265414_14_Aug_2025,14-Aug-2025,(31) Protein hydrolysate (Plant Source) (Liquid),Specifications,Value,5.15,(vi)
265414_14_Aug_2025,14-Aug-2025,(31) Protein hydrolysate (Plant Source) (Liquid),Specifications,Parameters,"Total dissolved solids per cent. by weight, minimum",(vii)
265414_14_Aug_2025,14-Aug-2025,(31) Protein hydrolysate (Plant Source) (Liquid),Specifications,Value,14.99,(vii)
265414_14_Aug_2025,14-Aug-2025,(32) Protein hydrolysate 20% (Liquid),Composition,Ingredients,"Protein hydrolysate derived from hydrolysis of defatted flour of Glycine max and Zea mays in ratio of 5.5: 4.5 by enzyme (Papain) per cent. by weight, minimum",(i)
265414_14_Aug_2025,14-Aug-2025,(32) Protein hydrolysate 20% (Liquid),Composition,Content,30,(i)
265414_14_Aug_2025,14-Aug-2025,(32) Protein hydrolysate 20% (Liquid),Composition,Ingredients,Water per cent. by weight,(ii)
265414_14_Aug_2025,14-Aug-2025,(32) Protein hydrolysate 20% (Liquid),Composition,Content,QS,(ii)
265414_14_Aug_2025,14-Aug-2025,(32) Protein hydrolysate 20% (Liquid),Composition,Ingredients,Total (per cent.),(iii)
265414_14_Aug_2025,14-Aug-2025,(32) Protein hydrolysate 20% (Liquid),Composition,Content,100,(iii)
265414_14_Aug_2025,14-Aug-2025,(32) Protein hydrolysate 20% (Liquid),Specifications,Parameters,"Total amino acids per cent. by weight, minimum",(i)
265414_14_Aug_2025,14-Aug-2025,(32) Protein hydrolysate 20% (Liquid),Specifications,Value,26,(i)
265414_14_Aug_2025,14-Aug-2025,(32) Protein hydrolysate 20% (Liquid),Specifications,Parameters,"Free amino acids per cent. by weight, minimum",(ii)
265414_14_Aug_2025,14-Aug-2025,(32) Protein hydrolysate 20% (Liquid),Specifications,Value,20,(ii)
265414_14_Aug_2025,14-Aug-2025,(32) Protein hydrolysate 20% (Liquid),Specifications,Parameters,pH (10 % aqueous solution),(iii)
265414_14_Aug_2025,14-Aug-2025,(32) Protein hydrolysate 20% (Liquid),Specifications,Value,4.82 ± 0.5,(iii)
265414_14_Aug_2025,14-Aug-2025,(32) Protein hydrolysate 20% (Liquid),Specifications,Parameters,Specific Gravity,(iv)
265414_14_Aug_2025,14-Aug-2025,(32) Protein hydrolysate 20% (Liquid),Specifications,Value,1.1637 ± 0.02,(iv)
265414_14_Aug_2025,14-Aug-2025,(32) Protein hydrolysate 20% (Liquid),Specifications,Parameters,"Total organic carbon per cent. by weight, minimum",(v)
265414_14_Aug_2025,14-Aug-2025,(32) Protein hydrolysate 20% (Liquid),Specifications,Value,19.71,(v)
265414_14_Aug_2025,14-Aug-2025,(32) Protein hydrolysate 20% (Liquid),Specifications,Parameters,"Solubility per cent. by weight, minimum",(vi)
265414_14_Aug_2025,14-Aug-2025,(32) Protein hydrolysate 20% (Liquid),Specifications,Value,99.05,(vi)
263422_28_May_2025,28-May-2025,(6) Humic Acid 6% (Liquid),Composition,Ingredients,"Humic acid (as Potassium humate obtained from Leonardite mineral source) per cent. by weight, minimum",(i)
263422_28_May_2025,28-May-2025,(6) Humic Acid 6% (Liquid),Composition,Content,6.0,(i)
263422_28_May_2025,28-May-2025,(6) Humic Acid 6% (Liquid),Composition,Ingredients,Water per cent. by weight,(ii)
263422_28_May_2025,28-May-2025,(6) Humic Acid 6% (Liquid),Composition,Content,QS,(ii)
263422_28_May_2025,28-May-2025,(6) Humic Acid 6% (Liquid),Composition,Ingredients,Total (per cent.),(iii)
263422_28_May_2025,28-May-2025,(6) Humic Acid 6% (Liquid),Composition,Content,100,(iii)
263422_28_May_2025,28-May-2025,(6) Humic Acid 6% (Liquid),Specifications,Parameters,"Humic acid per cent. by weight, minimum",(i)
263422_28_May_2025,28-May-2025,(6) Humic Acid 6% (Liquid),Specifications,Value,6.0,(i)
263422_28_May_2025,28-May-2025,(6) Humic Acid 6% (Liquid),Specifications,Parameters,"Total Organic carbon per cent. by weight, minimum",(ii)
263422_28_May_2025,28-May-2025,(6) Humic Acid 6% (Liquid),Specifications,Value,2.11,(ii)
263422_28_May_2025,28-May-2025,(6) Humic Acid 6% (Liquid),Specifications,Parameters,Specific gravity,(iii)
263422_28_May_2025,28-May-2025,(6) Humic Acid 6% (Liquid),Specifications,Value,1.03 ± 0.03,(iii)
263422_28_May_2025,28-May-2025,(6) Humic Acid 6% (Liquid),Specifications,Parameters,"Organic matter per cent. by weight, minimum",(iv)
263422_28_May_2025,28-May-2025,(6) Humic Acid 6% (Liquid),Specifications,Value,3.64,(iv)
263422_28_May_2025,28-May-2025,(6) Humic Acid 6% (Liquid),Specifications,Parameters,pH (10% aqueous solution),(v)
263422_28_May_2025,28-May-2025,(6) Humic Acid 6% (Liquid),Specifications,Value,9.0- 11.0,(v)
263422_28_May_2025,28-May-2025,(6) Humic Acid 6% (Liquid),Specifications,Parameters,"Solubility per cent., minimum",(vi)
263422_28_May_2025,28-May-2025,(6) Humic Acid 6% (Liquid),Specifications,Value,95,(vi)
263422_28_May_2025,28-May-2025,(5) Ascophyllum nodosum 7% (Liquid),Composition,Ingredients,"Ascophyllum nodosum extract per cent. by weight, minimum",(i)
263422_28_May_2025,28-May-2025,(5) Ascophyllum nodosum 7% (Liquid),Composition,Content,7,(i)
263422_28_May_2025,28-May-2025,(3) Seaweed (Kappaphycus alvarezii) extract 21 % (Liquid),Composition,Ingredients,"Kappaphycus alvarezii extract per cent. by weight, minimum",(i)
263422_28_May_2025,28-May-2025,(3) Seaweed (Kappaphycus alvarezii) extract 21 % (Liquid),Composition,Content,7.2,(i)
263422_28_May_2025,28-May-2025,(3) Seaweed (Kappaphycus alvarezii) extract 21 % (Liquid),Composition,Ingredients,"Organic acids (Acetic, Citric and Lactic acid) per cent. by weight, minimum",(ii)
263422_28_May_2025,28-May-2025,(3) Seaweed (Kappaphycus alvarezii) extract 21 % (Liquid),Composition,Content,0.8,(ii)
263422_28_May_2025,28-May-2025,(3) Seaweed (Kappaphycus alvarezii) extract 21 % (Liquid),Composition,Ingredients,Water per cent. by weight,(iii)
263422_28_May_2025,28-May-2025,(3) Seaweed (Kappaphycus alvarezii) extract 21 % (Liquid),Composition,Content,92.0,(iii)
263422_28_May_2025,28-May-2025,(3) Seaweed (Kappaphycus alvarezii) extract 21 % (Liquid),Composition,Ingredients,Total (per cent.),(iv)
263422_28_May_2025,28-May-2025,(3) Seaweed (Kappaphycus alvarezii) extract 21 % (Liquid),Composition,Content,100,(iv)
263422_28_May_2025,28-May-2025,(3) Seaweed (Kappaphycus alvarezii) extract 21 % (Liquid),Specifications,Parameters,"Carrageenan per cent. by weight, minimum",(i)
263422_28_May_2025,28-May-2025,(3) Seaweed (Kappaphycus alvarezii) extract 21 % (Liquid),Specifications,Value,0.7,(i)
263422_28_May_2025,28-May-2025,(3) Seaweed (Kappaphycus alvarezii) extract 21 % (Liquid),Specifications,Parameters,"Total dissolved solids per cent. by weight, minimum",(ii)
263422_28_May_2025,28-May-2025,(3) Seaweed (Kappaphycus alvarezii) extract 21 % (Liquid),Specifications,Value,8.0,(ii)
263422_28_May_2025,28-May-2025,(3) Seaweed (Kappaphycus alvarezii) extract 21 % (Liquid),Specifications,Parameters,"Total organic carbon per cent. by weight, minimum",(iii)
263422_28_May_2025,28-May-2025,(3) Seaweed (Kappaphycus alvarezii) extract 21 % (Liquid),Specifications,Value,1.4,(iii)
263422_28_May_2025,28-May-2025,(3) Seaweed (Kappaphycus alvarezii) extract 21 % (Liquid),Specifications,Parameters,Specific gravity,(iv)
263422_28_May_2025,28-May-2025,(3) Seaweed (Kappaphycus alvarezii) extract 21 % (Liquid),Specifications,Value,1.0- 1.10,(iv)
263422_28_May_2025,28-May-2025,(3) Seaweed (Kappaphycus alvarezii) extract 21 % (Liquid),Specifications,Parameters,pH (50 % aqueous solution),(v)
263422_28_May_2025,28-May-2025,(3) Seaweed (Kappaphycus alvarezii) extract 21 % (Liquid),Specifications,Value,3.0- 5.0,(v)
263422_28_May_2025,28-May-2025,(3) Seaweed (Kappaphycus alvarezii) extract 21 % (Liquid),Specifications,Parameters,"Solubility per cent., minimum",(vi)
263422_28_May_2025,28-May-2025,(3) Seaweed (Kappaphycus alvarezii) extract 21 % (Liquid),Specifications,Value,> 98,(vi)
263422_28_May_2025,28-May-2025,(2) Spirulina 10% (Liquid),Composition,Ingredients,"Spirulina powder per cent. by weight, minimum",(i)
263422_28_May_2025,28-May-2025,(2) Spirulina 10% (Liquid),Composition,Content,10,(i)
263422_28_May_2025,28-May-2025,(2) Spirulina 10% (Liquid),Composition,Ingredients,"Propylene glycol per cent. by weight, minimum",(ii)
263422_28_May_2025,28-May-2025,(2) Spirulina 10% (Liquid),Composition,Content,5,(ii)
263422_28_May_2025,28-May-2025,(2) Spirulina 10% (Liquid),Composition,Ingredients,"Lignin sulfonate per cent. by weight, minimum",(iii)
263422_28_May_2025,28-May-2025,(2) Spirulina 10% (Liquid),Composition,Content,5,(iii)
263422_28_May_2025,28-May-2025,(2) Spirulina 10% (Liquid),Composition,Ingredients,"Polysaccharide per cent. by weight, minimum",(iv)
263422_28_May_2025,28-May-2025,(2) Spirulina 10% (Liquid),Composition,Content,0.1,(iv)
263422_28_May_2025,28-May-2025,(2) Spirulina 10% (Liquid),Composition,Ingredients,"Citric acid per cent. by weight, minimum",(v)
263422_28_May_2025,28-May-2025,(2) Spirulina 10% (Liquid),Composition,Content,0.1,(v)
263422_28_May_2025,28-May-2025,(2) Spirulina 10% (Liquid),Composition,Ingredients,Water per cent. by weight,(vi)
263422_28_May_2025,28-May-2025,(2) Spirulina 10% (Liquid),Composition,Content,QS,(vi)
263422_28_May_2025,28-May-2025,(2) Spirulina 10% (Liquid),Composition,Ingredients,Total (per cent.),(vii)
263422_28_May_2025,28-May-2025,(2) Spirulina 10% (Liquid),Composition,Content,100,(vii)
263422_28_May_2025,28-May-2025,(2) Spirulina 10% (Liquid),Specifications,Parameters,"Protein per cent. by weight, minimum",(i)
263422_28_May_2025,28-May-2025,(2) Spirulina 10% (Liquid),Specifications,Value,6,(i)
263422_28_May_2025,28-May-2025,(2) Spirulina 10% (Liquid),Specifications,Parameters,Specific gravity,(ii)
263422_28_May_2025,28-May-2025,(2) Spirulina 10% (Liquid),Specifications,Value,1.00- 1.10,(ii)
263422_28_May_2025,28-May-2025,(2) Spirulina 10% (Liquid),Specifications,Parameters,pH (1% aqueous solution),(iii)
263422_28_May_2025,28-May-2025,(2) Spirulina 10% (Liquid),Specifications,Value,6.0- 9.0,(iii)
263422_28_May_2025,28-May-2025,(2) Spirulina 10% (Liquid),Specifications,Parameters,"Solubility (as suspension) per cent., minimum",(iv)
263422_28_May_2025,28-May-2025,(2) Spirulina 10% (Liquid),Specifications,Value,80,(iv)
263422_28_May_2025,28-May-2025,(2) Mixture of seaweed extract and algal extract (Liquid),Composition,Ingredients,"Sargassum wightii extract per cent. weight by volume, minimum",(i)
263422_28_May_2025,28-May-2025,(2) Mixture of seaweed extract and algal extract (Liquid),Composition,Content,2.2,(i)
263422_28_May_2025,28-May-2025,(2) Mixture of seaweed extract and algal extract (Liquid),Composition,Ingredients,"Arthrospira platensis extract per cent. weight by volume, minimum",(ii)
263422_28_May_2025,28-May-2025,(2) Mixture of seaweed extract and algal extract (Liquid),Composition,Content,3.3,(ii)
263422_28_May_2025,28-May-2025,(2) Mixture of seaweed extract and algal extract (Liquid),Composition,Ingredients,Water per cent. by weight,(iii)
263422_28_May_2025,28-May-2025,(2) Mixture of seaweed extract and algal extract (Liquid),Composition,Content,QS,(iii)
263422_28_May_2025,28-May-2025,(2) Mixture of seaweed extract and algal extract (Liquid),Composition,Ingredients,Total (per cent.),(iv)
263422_28_May_2025,28-May-2025,(2) Mixture of seaweed extract and algal extract (Liquid),Composition,Content,100,(iv)
263422_28_May_2025,28-May-2025,(2) Mixture of seaweed extract and algal extract (Liquid),Specifications,Parameters,"Alginic acid per cent. weight by volume, minimum",(i)
263422_28_May_2025,28-May-2025,(2) Mixture of seaweed extract and algal extract (Liquid),Specifications,Value,0.1,(i)
263422_28_May_2025,28-May-2025,(2) Mixture of seaweed extract and algal extract (Liquid),Specifications,Parameters,"Amino acid per cent. weight by volume, minimum",(ii)
263422_28_May_2025,28-May-2025,(2) Mixture of seaweed extract and algal extract (Liquid),Specifications,Value,1.0,(ii)
263422_28_May_2025,28-May-2025,(2) Mixture of seaweed extract and algal extract (Liquid),Specifications,Parameters,"Total organic carbon per cent. weight by volume, minimum",(iii)
263422_28_May_2025,28-May-2025,(2) Mixture of seaweed extract and algal extract (Liquid),Specifications,Value,0.19,(iii)
263422_28_May_2025,28-May-2025,(2) Mixture of seaweed extract and algal extract (Liquid),Specifications,Parameters,Specific gravity,(iv)
263422_28_May_2025,28-May-2025,(2) Mixture of seaweed extract and algal extract (Liquid),Specifications,Value,0.992 ± 0.02,(iv)
263422_28_May_2025,28-May-2025,(2) Mixture of seaweed extract and algal extract (Liquid),Specifications,Parameters,pH (10% aqueous solution),(v)
263422_28_May_2025,28-May-2025,(2) Mixture of seaweed extract and algal extract (Liquid),Specifications,Value,6.0 ± 0.2,(v)
263422_28_May_2025,28-May-2025,(2) Mixture of seaweed extract and algal extract (Liquid),Specifications,Parameters,"Total dissolved solids per cent. weight by volume, minimum",(vi)
263422_28_May_2025,28-May-2025,(2) Mixture of seaweed extract and algal extract (Liquid),Specifications,Value,1.56,(vi)
263422_28_May_2025,28-May-2025,(2) Mixture of seaweed extract and algal extract (Liquid),Specifications,Parameters,"Solubility per cent., minimum",(vii)
263422_28_May_2025,28-May-2025,(2) Mixture of seaweed extract and algal extract (Liquid),Specifications,Value,99.92,(vii)
263422_28_May_2025,28-May-2025,(5) Mixture of Humic acid and Seaweed extract (Liquid),Composition,Ingredients,"Humic acid (Source: Leonardite) per cent. weight by volume, minimum",(i)
263422_28_May_2025,28-May-2025,(5) Mixture of Humic acid and Seaweed extract (Liquid),Composition,Content,6,(i)
263422_28_May_2025,28-May-2025,(5) Mixture of Humic acid and Seaweed extract (Liquid),Composition,Ingredients,"Kappaphycus alvarezii and Sargassum swartzii in ratio of 1:1; liquid concentrate per cent. volume by volume, minimum",(ii)
263422_28_May_2025,28-May-2025,(5) Mixture of Humic acid and Seaweed extract (Liquid),Composition,Content,4,(ii)
263422_28_May_2025,28-May-2025,(5) Mixture of Humic acid and Seaweed extract (Liquid),Composition,Ingredients,"Propylparaben per cent. weight by volume, minimum as preservative",(iii)
263422_28_May_2025,28-May-2025,(5) Mixture of Humic acid and Seaweed extract (Liquid),Composition,Content,0.02,(iii)
263422_28_May_2025,28-May-2025,(5) Mixture of Humic acid and Seaweed extract (Liquid),Composition,Ingredients,"Methyl paraben per cent. weight by volume, minimum as preservative",(iv)
263422_28_May_2025,28-May-2025,(5) Mixture of Humic acid and Seaweed extract (Liquid),Composition,Content,0.2,(iv)
263422_28_May_2025,28-May-2025,(5) Mixture of Humic acid and Seaweed extract (Liquid),Composition,Ingredients,"Potassium benzoate per cent. weight by volume, minimum",(v)
263422_28_May_2025,28-May-2025,(5) Mixture of Humic acid and Seaweed extract (Liquid),Composition,Content,0.10,(v)
263422_28_May_2025,28-May-2025,(5) Mixture of Humic acid and Seaweed extract (Liquid),Composition,Ingredients,Water per cent. by weight,(vi)
263422_28_May_2025,28-May-2025,(5) Mixture of Humic acid and Seaweed extract (Liquid),Composition,Content,89.68,(vi)
263422_28_May_2025,28-May-2025,(5) Mixture of Humic acid and Seaweed extract (Liquid),Composition,Ingredients,Total (per cent.),(vii)
263422_28_May_2025,28-May-2025,(5) Mixture of Humic acid and Seaweed extract (Liquid),Composition,Content,100,(vii)
263422_28_May_2025,28-May-2025,(5) Mixture of Humic acid and Seaweed extract (Liquid),Specifications,Parameters,"Free amino acids per cent. weight by volume, minimum",(i)
263422_28_May_2025,28-May-2025,(5) Mixture of Humic acid and Seaweed extract (Liquid),Specifications,Value,0.69,(i)
263422_28_May_2025,28-May-2025,(5) Mixture of Humic acid and Seaweed extract (Liquid),Specifications,Parameters,"Alginic acid per cent. weight by volume, minimum",(ii)
263422_28_May_2025,28-May-2025,(5) Mixture of Humic acid and Seaweed extract (Liquid),Specifications,Value,0.02,(ii)
263422_28_May_2025,28-May-2025,(5) Mixture of Humic acid and Seaweed extract (Liquid),Specifications,Parameters,"Humic acid per cent. weight by volume, minimum",(iii)
263422_28_May_2025,28-May-2025,(5) Mixture of Humic acid and Seaweed extract (Liquid),Specifications,Value,4.10,(iii)
263422_28_May_2025,28-May-2025,(5) Mixture of Humic acid and Seaweed extract (Liquid),Specifications,Parameters,"Total organic carbon per cent. by weight, minimum",(iv)
263422_28_May_2025,28-May-2025,(5) Mixture of Humic acid and Seaweed extract (Liquid),Specifications,Value,2,(iv)
263422_28_May_2025,28-May-2025,(5) Mixture of Humic acid and Seaweed extract (Liquid),Specifications,Parameters,"Total dissolved solids per cent. weight by volume, minimum",(v)
263422_28_May_2025,28-May-2025,(5) Mixture of Humic acid and Seaweed extract (Liquid),Specifications,Value,7.5,(v)
263422_28_May_2025,28-May-2025,(5) Mixture of Humic acid and Seaweed extract (Liquid),Specifications,Parameters,Specific gravity,(vi)
263422_28_May_2025,28-May-2025,(5) Mixture of Humic acid and Seaweed extract (Liquid),Specifications,Value,0.95- 1.05,(vi)
263422_28_May_2025,28-May-2025,(5) Mixture of Humic acid and Seaweed extract (Liquid),Specifications,Parameters,pH (1% aqueous solution),(vii)
263422_28_May_2025,28-May-2025,(5) Mixture of Humic acid and Seaweed extract (Liquid),Specifications,Value,7.0- 9.0,(vii)
263422_28_May_2025,28-May-2025,(5) Mixture of Humic acid and Seaweed extract (Liquid),Specifications,Parameters,"Solubility per cent., minimum",(viii)
263422_28_May_2025,28-May-2025,(5) Mixture of Humic acid and Seaweed extract (Liquid),Specifications,Value,> 99,(viii)
263422_28_May_2025,28-May-2025,(7) Mixture of Humic acid and Seaweed extract (Granules),Composition,Ingredients,"Kappaphycus alvarezii and Sargassum swartzii in ratio of 1:1, extract per cent. by weight, minimum",(i)
263422_28_May_2025,28-May-2025,(7) Mixture of Humic acid and Seaweed extract (Granules),Composition,Content,3.3,(i)
263422_28_May_2025,28-May-2025,(7) Mixture of Humic acid and Seaweed extract (Granules),Composition,Ingredients,"Humic acid powder as potassium humate (Source: Leonardite) per cent. by weight, minimum",(ii)
263422_28_May_2025,28-May-2025,(7) Mixture of Humic acid and Seaweed extract (Granules),Composition,Content,1.0,(ii)
263422_28_May_2025,28-May-2025,(7) Mixture of Humic acid and Seaweed extract (Granules),Composition,Ingredients,"Dolomite per cent. by weight, maximum",(iii)
263422_28_May_2025,28-May-2025,(7) Mixture of Humic acid and Seaweed extract (Granules),Composition,Content,95.7,(iii)
263422_28_May_2025,28-May-2025,(7) Mixture of Humic acid and Seaweed extract (Granules),Composition,Ingredients,Total,(iv)
263422_28_May_2025,28-May-2025,(7) Mixture of Humic acid and Seaweed extract (Granules),Composition,Content,100,(iv)
263422_28_May_2025,28-May-2025,(7) Mixture of Humic acid and Seaweed extract (Granules),Specifications,Parameters,"Alginic acid per cent. by weight, minimum",(i)
263422_28_May_2025,28-May-2025,(7) Mixture of Humic acid and Seaweed extract (Granules),Specifications,Value,0.02,(i)
263422_28_May_2025,28-May-2025,(7) Mixture of Humic acid and Seaweed extract (Granules),Specifications,Parameters,"Free Amino acids per cent. by weight, minimum",(ii)
263422_28_May_2025,28-May-2025,(7) Mixture of Humic acid and Seaweed extract (Granules),Specifications,Value,0.74,(ii)
263422_28_May_2025,28-May-2025,(7) Mixture of Humic acid and Seaweed extract (Granules),Specifications,Parameters,"Humic acid per cent. by weight, minimum",(iii)
263422_28_May_2025,28-May-2025,(7) Mixture of Humic acid and Seaweed extract (Granules),Specifications,Value,0.83,(iii)
263422_28_May_2025,28-May-2025,(7) Mixture of Humic acid and Seaweed extract (Granules),Specifications,Parameters,"Total organic carbon per cent. by weight, minimum",(iv)
263422_28_May_2025,28-May-2025,(7) Mixture of Humic acid and Seaweed extract (Granules),Specifications,Value,6.0,(iv)
263422_28_May_2025,28-May-2025,(7) Mixture of Humic acid and Seaweed extract (Granules),Specifications,Parameters,Bulk density (g/cc),(v)
263422_28_May_2025,28-May-2025,(7) Mixture of Humic acid and Seaweed extract (Granules),Specifications,Value,1.0-1.2,(v)
263422_28_May_2025,28-May-2025,(7) Mixture of Humic acid and Seaweed extract (Granules),Specifications,Parameters,pH (1% aqueous solution),(vi)
263422_28_May_2025,28-May-2025,(7) Mixture of Humic acid and Seaweed extract (Granules),Specifications,Value,7.0-9.0,(vi)
263422_28_May_2025,28-May-2025,(7) Mixture of Humic acid and Seaweed extract (Granules),Specifications,Parameters,"Solubility per cent., minimum",(vii)
263422_28_May_2025,28-May-2025,(7) Mixture of Humic acid and Seaweed extract (Granules),Specifications,Value,44,(vii)
263422_28_May_2025,28-May-2025,5. Protein hydrolysates and Amino Acids,Composition,Ingredients,"Protein hydrolysates obtained from animal source (Hair and Skin of Boss taurus) through acid hydrolysis per cent. by weight, minimum",(i)
263422_28_May_2025,28-May-2025,5. Protein hydrolysates and Amino Acids,Composition,Content,62.1,(i)
263422_28_May_2025,28-May-2025,5. Protein hydrolysates and Amino Acids,Composition,Ingredients,Water per cent. by weight,(ii)
263422_28_May_2025,28-May-2025,5. Protein hydrolysates and Amino Acids,Composition,Content,QS,(ii)
263422_28_May_2025,28-May-2025,5. Protein hydrolysates and Amino Acids,Composition,Ingredients,Total (per cent.),(iii)
263422_28_May_2025,28-May-2025,5. Protein hydrolysates and Amino Acids,Composition,Content,100,(iii)
263422_28_May_2025,28-May-2025,5. Protein hydrolysates and Amino Acids,Composition,Ingredients,"Protein hydrolysates from animal source (Hair and Skin of Boss taurus) through acid hydrolysis per cent. by weight, minimum",(i)
263422_28_May_2025,28-May-2025,5. Protein hydrolysates and Amino Acids,Composition,Content,36.04,(i)
263422_28_May_2025,28-May-2025,5. Protein hydrolysates and Amino Acids,Composition,Ingredients,Potassium sorbate as preservative per cent. by weight,(ii)
263422_28_May_2025,28-May-2025,5. Protein hydrolysates and Amino Acids,Composition,Content,0.08,(ii)
263422_28_May_2025,28-May-2025,5. Protein hydrolysates and Amino Acids,Composition,Ingredients,"Antifoam agent (a combination of fatty acid esters and alkoxylates) per cent. by weight, minimum",(iii)
263422_28_May_2025,28-May-2025,5. Protein hydrolysates and Amino Acids,Composition,Content,0.08,(iii)
263422_28_May_2025,28-May-2025,5. Protein hydrolysates and Amino Acids,Composition,Ingredients,Water per cent. by weight,(iv)
263422_28_May_2025,28-May-2025,5. Protein hydrolysates and Amino Acids,Composition,Content,QS,(iv)
263422_28_May_2025,28-May-2025,5. Protein hydrolysates and Amino Acids,Composition,Ingredients,Total (per cent.),(v)
263422_28_May_2025,28-May-2025,5. Protein hydrolysates and Amino Acids,Composition,Content,100,(v)
263422_28_May_2025,28-May-2025,5. Protein hydrolysates and Amino Acids,Composition,Ingredients,"Protein hydrolysates derived from Glycine max and Zea mays in ratio of 5.5: 4.5 through enzymatic (food grade Alcalase) hydrolysis per cent. by weight, minimum",(i)
263422_28_May_2025,28-May-2025,5. Protein hydrolysates and Amino Acids,Composition,Content,25,(i)
263422_28_May_2025,28-May-2025,5. Protein hydrolysates and Amino Acids,Composition,Ingredients,Water per cent. by weight,(ii)
263422_28_May_2025,28-May-2025,5. Protein hydrolysates and Amino Acids,Composition,Content,QS,(ii)
263422_28_May_2025,28-May-2025,5. Protein hydrolysates and Amino Acids,Composition,Ingredients,Total (per cent.),(iii)
263422_28_May_2025,28-May-2025,5. Protein hydrolysates and Amino Acids,Composition,Content,100,(iii)
263422_28_May_2025,28-May-2025,5. Protein hydrolysates and Amino Acids,Specifications,Parameters,"Free amino acids per cent. by weight, minimum",(i)
263422_28_May_2025,28-May-2025,5. Protein hydrolysates and Amino Acids,Specifications,Value,21.6,(i)
263422_28_May_2025,28-May-2025,5. Protein hydrolysates and Amino Acids,Specifications,Parameters,"Total organic carbon per cent. by weight, minimum",(ii)
263422_28_May_2025,28-May-2025,5. Protein hydrolysates and Amino Acids,Specifications,Value,24.5,(ii)
263422_28_May_2025,28-May-2025,5. Protein hydrolysates and Amino Acids,Specifications,Parameters,Specific gravity,(iii)
263422_28_May_2025,28-May-2025,5. Protein hydrolysates and Amino Acids,Specifications,Value,1.10- 1.30,(iii)
263422_28_May_2025,28-May-2025,5. Protein hydrolysates and Amino Acids,Specifications,Parameters,pH (10% aqueous solution),(iv)
263422_28_May_2025,28-May-2025,5. Protein hydrolysates and Amino Acids,Specifications,Value,6.9 ±1.0,(iv)
263422_28_May_2025,28-May-2025,5. Protein hydrolysates and Amino Acids,Specifications,Parameters,"Solubility per cent., minimum",(v)
263422_28_May_2025,28-May-2025,5. Protein hydrolysates and Amino Acids,Specifications,Value,98.57,(v)
263422_28_May_2025,28-May-2025,5. Protein hydrolysates and Amino Acids,Specifications,Parameters,"Free amino acids per cent. by weight, minimum",(i)
263422_28_May_2025,28-May-2025,5. Protein hydrolysates and Amino Acids,Specifications,Value,6.30,(i)
263422_28_May_2025,28-May-2025,5. Protein hydrolysates and Amino Acids,Specifications,Parameters,"Total organic carbon per cent. by weight, minimum",(ii)
263422_28_May_2025,28-May-2025,5. Protein hydrolysates and Amino Acids,Specifications,Value,8.0,(ii)
263422_28_May_2025,28-May-2025,5. Protein hydrolysates and Amino Acids,Specifications,Parameters,Specific gravity,(iii)
263422_28_May_2025,28-May-2025,5. Protein hydrolysates and Amino Acids,Specifications,Value,1.1-1.3,(iii)
263422_28_May_2025,28-May-2025,5. Protein hydrolysates and Amino Acids,Specifications,Parameters,pH (10% aqueous solution),(iv)
263422_28_May_2025,28-May-2025,5. Protein hydrolysates and Amino Acids,Specifications,Value,5.9 ±1.0,(iv)
263422_28_May_2025,28-May-2025,5. Protein hydrolysates and Amino Acids,Specifications,Parameters,"Solubility per cent., minimum",(v)
263422_28_May_2025,28-May-2025,5. Protein hydrolysates and Amino Acids,Specifications,Value,99.23,(v)
263422_28_May_2025,28-May-2025,(6) Bacterial biomass hydrolysate (Amino acids 2%)(Liquid),Composition,Ingredients,"Amino acids derived from enzymatic (Alkaline Protease) hydrolysis of bacterial biomass (Methylococcus capsulatus) per cent. by weight, minimum",(i)
263422_28_May_2025,28-May-2025,(6) Bacterial biomass hydrolysate (Amino acids 2%)(Liquid),Composition,Content,2,(i)
263422_28_May_2025,28-May-2025,(6) Bacterial biomass hydrolysate (Amino acids 2%)(Liquid),Composition,Ingredients,Water per cent. by weight,(ii)
263422_28_May_2025,28-May-2025,(6) Bacterial biomass hydrolysate (Amino acids 2%)(Liquid),Composition,Content,QS,(ii)
263422_28_May_2025,28-May-2025,(6) Bacterial biomass hydrolysate (Amino acids 2%)(Liquid),Composition,Ingredients,Total (per cent.),(iii)
263422_28_May_2025,28-May-2025,(6) Bacterial biomass hydrolysate (Amino acids 2%)(Liquid),Composition,Content,100,(iii)
263422_28_May_2025,28-May-2025,(6) Bacterial biomass hydrolysate (Amino acids 2%)(Liquid),Specifications,Parameters,"Free amino acids per cent. by weight, minimum",(i)
263422_28_May_2025,28-May-2025,(6) Bacterial biomass hydrolysate (Amino acids 2%)(Liquid),Specifications,Value,6.3,(i)
263422_28_May_2025,28-May-2025,(6) Bacterial biomass hydrolysate (Amino acids 2%)(Liquid),Specifications,Parameters,Specific gravity,(ii)
263422_28_May_2025,28-May-2025,(6) Bacterial biomass hydrolysate (Amino acids 2%)(Liquid),Specifications,Value,1.1-1.3,(ii)
263422_28_May_2025,28-May-2025,(6) Bacterial biomass hydrolysate (Amino acids 2%)(Liquid),Specifications,Parameters,pH (10% aqueous solution),(iii)
263422_28_May_2025,28-May-2025,(6) Bacterial biomass hydrolysate (Amino acids 2%)(Liquid),Specifications,Value,4 - 6,(iii)
263422_28_May_2025,28-May-2025,(6) Bacterial biomass hydrolysate (Amino acids 2%)(Liquid),Specifications,Parameters,"Solubility per cent., minimum",(iv)
263422_28_May_2025,28-May-2025,(6) Bacterial biomass hydrolysate (Amino acids 2%)(Liquid),Specifications,Value,98.58,(iv)
263422_28_May_2025,28-May-2025,(6) Bacterial biomass hydrolysate (Amino acids 2%)(Liquid),Specifications,Parameters,Name of the crop – Green gram,(a)
263422_28_May_2025,28-May-2025,(6) Bacterial biomass hydrolysate (Amino acids 2%)(Liquid),Specifications,Value,,(a)
263422_28_May_2025,28-May-2025,(6) Bacterial biomass hydrolysate (Amino acids 2%)(Liquid),Specifications,Parameters,Dose - Two foliar applications at 1.5 l/ha,(b)
263422_28_May_2025,28-May-2025,(6) Bacterial biomass hydrolysate (Amino acids 2%)(Liquid),Specifications,Value,,(b)
263422_28_May_2025,28-May-2025,(7) Protein hydrolysate 1.5 % (Plant Source) (Granules),Composition,Ingredients,"Protein hydrolysate derived from defatted soybean seed flour by enzymatic (Papain) hydrolysis per cent. by weight, minimum",(i)
263422_28_May_2025,28-May-2025,(7) Protein hydrolysate 1.5 % (Plant Source) (Granules),Composition,Content,1.5,(i)
263422_28_May_2025,28-May-2025,(7) Protein hydrolysate 1.5 % (Plant Source) (Granules),Composition,Ingredients,"Bentonite per cent. by weight, maximum",(ii)
263422_28_May_2025,28-May-2025,(7) Protein hydrolysate 1.5 % (Plant Source) (Granules),Composition,Content,98.5,(ii)
263422_28_May_2025,28-May-2025,(7) Protein hydrolysate 1.5 % (Plant Source) (Granules),Composition,Ingredients,Total (per cent.),(iii)
263422_28_May_2025,28-May-2025,(7) Protein hydrolysate 1.5 % (Plant Source) (Granules),Composition,Content,100,(iii)
263422_28_May_2025,28-May-2025,(7) Protein hydrolysate 1.5 % (Plant Source) (Granules),Specifications,Parameters,"Free amino acids per cent. by weight, minimum",(i)
263422_28_May_2025,28-May-2025,(7) Protein hydrolysate 1.5 % (Plant Source) (Granules),Specifications,Value,0.18,(i)
263422_28_May_2025,28-May-2025,(7) Protein hydrolysate 1.5 % (Plant Source) (Granules),Specifications,Parameters,"Total amino acids per cent. by weight, minimum",(ii)
263422_28_May_2025,28-May-2025,(7) Protein hydrolysate 1.5 % (Plant Source) (Granules),Specifications,Value,1.45,(ii)
263422_28_May_2025,28-May-2025,(7) Protein hydrolysate 1.5 % (Plant Source) (Granules),Specifications,Parameters,Bulk density g/c,(iii)
263422_28_May_2025,28-May-2025,(7) Protein hydrolysate 1.5 % (Plant Source) (Granules),Specifications,Value,0.95- 1.15,(iii)
263422_28_May_2025,28-May-2025,(7) Protein hydrolysate 1.5 % (Plant Source) (Granules),Specifications,Parameters,pH (10% aqueous solution),(iv)
263422_28_May_2025,28-May-2025,(7) Protein hydrolysate 1.5 % (Plant Source) (Granules),Specifications,Value,6.0- 7.5,(iv)
263422_28_May_2025,28-May-2025,(7) Protein hydrolysate 1.5 % (Plant Source) (Granules),Specifications,Parameters,"Solubility per cent., minimum",(v)
263422_28_May_2025,28-May-2025,(7) Protein hydrolysate 1.5 % (Plant Source) (Granules),Specifications,Value,Not soluble in water,(v)
263422_28_May_2025,28-May-2025,(10) Protein hydrolysate (Amino acids 5 %) (Plant Source) (Powder),Composition,Ingredients,"Amino acids derived from maize seeds/ grains (starch removed gluten through acid hydrolysis) per cent. by weight, minimum",(i)
263422_28_May_2025,28-May-2025,(10) Protein hydrolysate (Amino acids 5 %) (Plant Source) (Powder),Composition,Content,5,(i)
263422_28_May_2025,28-May-2025,(10) Protein hydrolysate (Amino acids 5 %) (Plant Source) (Powder),Composition,Ingredients,"Polysorbate 80 per cent. weight by volume, minimum",(ii)
263422_28_May_2025,28-May-2025,(10) Protein hydrolysate (Amino acids 5 %) (Plant Source) (Powder),Composition,Content,5,(ii)
263422_28_May_2025,28-May-2025,(10) Protein hydrolysate (Amino acids 5 %) (Plant Source) (Powder),Composition,Ingredients,"pH Regulators Potassium Carbonate / Potassium Hydroxide per cent. weight by volume, minimum",(iii)
263422_28_May_2025,28-May-2025,(10) Protein hydrolysate (Amino acids 5 %) (Plant Source) (Powder),Composition,Content,5,(iii)
263422_28_May_2025,28-May-2025,(10) Protein hydrolysate (Amino acids 5 %) (Plant Source) (Powder),Composition,Ingredients,"Bentonite per cent. by weight, maximum",(iv)
263422_28_May_2025,28-May-2025,(10) Protein hydrolysate (Amino acids 5 %) (Plant Source) (Powder),Composition,Content,85,(iv)
263422_28_May_2025,28-May-2025,(10) Protein hydrolysate (Amino acids 5 %) (Plant Source) (Powder),Composition,Ingredients,Total (per cent.),(v)
263422_28_May_2025,28-May-2025,(10) Protein hydrolysate (Amino acids 5 %) (Plant Source) (Powder),Composition,Content,100,(v)
263422_28_May_2025,28-May-2025,(10) Protein hydrolysate (Amino acids 5 %) (Plant Source) (Powder),Specifications,Parameters,"Free amino acids per cent. by weight, minimum",(i)
263422_28_May_2025,28-May-2025,(10) Protein hydrolysate (Amino acids 5 %) (Plant Source) (Powder),Specifications,Value,5,(i)
263422_28_May_2025,28-May-2025,(10) Protein hydrolysate (Amino acids 5 %) (Plant Source) (Powder),Specifications,Parameters,Specific gravity,(ii)
263422_28_May_2025,28-May-2025,(10) Protein hydrolysate (Amino acids 5 %) (Plant Source) (Powder),Specifications,Value,0.90 ± 0.02,(ii)
263422_28_May_2025,28-May-2025,(10) Protein hydrolysate (Amino acids 5 %) (Plant Source) (Powder),Specifications,Parameters,pH (5% aqueous solution),(iii)
263422_28_May_2025,28-May-2025,(10) Protein hydrolysate (Amino acids 5 %) (Plant Source) (Powder),Specifications,Value,4 - 5,(iii)
263422_28_May_2025,28-May-2025,(10) Protein hydrolysate (Amino acids 5 %) (Plant Source) (Powder),Specifications,Parameters,"Solubility (as suspension) per cent., minimum",(iv)
263422_28_May_2025,28-May-2025,(10) Protein hydrolysate (Amino acids 5 %) (Plant Source) (Powder),Specifications,Value,20,(iv)
263422_28_May_2025,28-May-2025,(1) Lipo-chitooligosaccharides from Escherichia coli (Liquid),Composition,Ingredients,*Lipo-chitooligosaccharides (LCO SP104) from Escherichia coli,(i)
263422_28_May_2025,28-May-2025,(1) Lipo-chitooligosaccharides from Escherichia coli (Liquid),Composition,Content,1.9 x 10^5,(i)
263422_28_May_2025,28-May-2025,(1) Lipo-chitooligosaccharides from Escherichia coli (Liquid),Composition,Ingredients,Dodecyl Benzene Sulfonic acid,(ii)
263422_28_May_2025,28-May-2025,(1) Lipo-chitooligosaccharides from Escherichia coli (Liquid),Composition,Content,0.032,(ii)
263422_28_May_2025,28-May-2025,(1) Lipo-chitooligosaccharides from Escherichia coli (Liquid),Composition,Ingredients,Ethoxylated isodecyl alcohol,(iii)
263422_28_May_2025,28-May-2025,(1) Lipo-chitooligosaccharides from Escherichia coli (Liquid),Composition,Content,0.008,(iii)
263422_28_May_2025,28-May-2025,(1) Lipo-chitooligosaccharides from Escherichia coli (Liquid),Composition,Ingredients,Potassium phosphate monobasic,(iv)
263422_28_May_2025,28-May-2025,(1) Lipo-chitooligosaccharides from Escherichia coli (Liquid),Composition,Content,0.100,(iv)
263422_28_May_2025,28-May-2025,(1) Lipo-chitooligosaccharides from Escherichia coli (Liquid),Composition,Ingredients,Potassium Phosphate dibasic,(v)
263422_28_May_2025,28-May-2025,(1) Lipo-chitooligosaccharides from Escherichia coli (Liquid),Composition,Content,0.066,(v)
263422_28_May_2025,28-May-2025,(1) Lipo-chitooligosaccharides from Escherichia coli (Liquid),Composition,Ingredients,"1,2 - Benzisothiazolin-3-one",(vi)
263422_28_May_2025,28-May-2025,(1) Lipo-chitooligosaccharides from Escherichia coli (Liquid),Composition,Content,0.25,(vi)
263422_28_May_2025,28-May-2025,(1) Lipo-chitooligosaccharides from Escherichia coli (Liquid),Composition,Ingredients,Water,(vii)
263422_28_May_2025,28-May-2025,(1) Lipo-chitooligosaccharides from Escherichia coli (Liquid),Composition,Content,QS,(vii)
263422_28_May_2025,28-May-2025,(1) Lipo-chitooligosaccharides from Escherichia coli (Liquid),Composition,Ingredients,Total,(viii)
263422_28_May_2025,28-May-2025,(1) Lipo-chitooligosaccharides from Escherichia coli (Liquid),Composition,Content,100,(viii)
263422_28_May_2025,28-May-2025,(1) Lipo-chitooligosaccharides from Escherichia coli (Liquid),Specifications,Parameters,Lipo-chitooligosaccharides (LCO),(i)
263422_28_May_2025,28-May-2025,(1) Lipo-chitooligosaccharides from Escherichia coli (Liquid),Specifications,Value,1.9 x 10^-5,(i)
263422_28_May_2025,28-May-2025,(1) Lipo-chitooligosaccharides from Escherichia coli (Liquid),Specifications,Parameters,Specific gravity,(ii)
263422_28_May_2025,28-May-2025,(1) Lipo-chitooligosaccharides from Escherichia coli (Liquid),Specifications,Value,1.0 ± 0.03,(ii)
263422_28_May_2025,28-May-2025,(1) Lipo-chitooligosaccharides from Escherichia coli (Liquid),Specifications,Parameters,pH (1% aqueous solution),(iii)
263422_28_May_2025,28-May-2025,(1) Lipo-chitooligosaccharides from Escherichia coli (Liquid),Specifications,Value,6.5 - 7.5,(iii)
263422_28_May_2025,28-May-2025,(1) Lipo-chitooligosaccharides from Escherichia coli (Liquid),Specifications,Parameters,"Solubility per cent., minimum",(iv)
263422_28_May_2025,28-May-2025,(1) Lipo-chitooligosaccharides from Escherichia coli (Liquid),Specifications,Value,> 99%,(iv)
263422_28_May_2025,28-May-2025,7. Live Microorganisms,Composition,Ingredients,"Microbial cell (Methylococcus capsulatus) concentrate, cfu/g,",(i)
263422_28_May_2025,28-May-2025,7. Live Microorganisms,Composition,Content,1 x 10^9,(i)
263422_28_May_2025,28-May-2025,7. Live Microorganisms,Composition,Ingredients,"Microbial consortium (cfu/ g minimum) per cent. by weight, minimum consisting of",(i)
263422_28_May_2025,28-May-2025,7. Live Microorganisms,Composition,Content,1 x 10^7,(i)
263422_28_May_2025,28-May-2025,7. Live Microorganisms,Composition,Ingredients,Methylobacterium symbioticum (cfu/g minimum),(a)
263422_28_May_2025,28-May-2025,7. Live Microorganisms,Composition,Content,0.5 x 10^7,(a)
263422_28_May_2025,28-May-2025,7. Live Microorganisms,Composition,Ingredients,Methylobacterium extroquens (cfu/g minimum),(b)
263422_28_May_2025,28-May-2025,7. Live Microorganisms,Composition,Content,0.5 x 10^7,(b)
263422_28_May_2025,28-May-2025,7. Live Microorganisms,Composition,Ingredients,"Carboxymethyl cellulose per cent. by weight, minimum",(ii)
263422_28_May_2025,28-May-2025,7. Live Microorganisms,Composition,Content,0.2,(ii)
263422_28_May_2025,28-May-2025,7. Live Microorganisms,Composition,Ingredients,"Bentonite/Talc per cent. by weight, maximum",(iii)
263422_28_May_2025,28-May-2025,7. Live Microorganisms,Composition,Content,98.8,(iii)
263422_28_May_2025,28-May-2025,7. Live Microorganisms,Composition,Ingredients,Total (per cent.),(iv)
263422_28_May_2025,28-May-2025,7. Live Microorganisms,Composition,Content,100,(iv)
263422_28_May_2025,28-May-2025,7. Live Microorganisms,Composition,Ingredients,"2- Bromo- (I H)- Indole- 3 Carboxaldehyde per cent. by weight, minimum",(i)
263422_28_May_2025,28-May-2025,7. Live Microorganisms,Composition,Content,0.0001,(i)
263422_28_May_2025,28-May-2025,7. Live Microorganisms,Composition,Ingredients,Water per cent. by weight,(ii)
263422_28_May_2025,28-May-2025,7. Live Microorganisms,Composition,Content,QS,(ii)
263422_28_May_2025,28-May-2025,7. Live Microorganisms,Composition,Ingredients,Total (per cent.),(iii)
263422_28_May_2025,28-May-2025,7. Live Microorganisms,Composition,Content,100,(iii)
263422_28_May_2025,28-May-2025,7. Live Microorganisms,Specifications,Parameters,"Methylococcus capsulatus cfu/g, minimum",(i)
263422_28_May_2025,28-May-2025,7. Live Microorganisms,Specifications,Value,1 x 10^9,(i)
263422_28_May_2025,28-May-2025,7. Live Microorganisms,Specifications,Parameters,Bulk density (gram/cc),(ii)
263422_28_May_2025,28-May-2025,7. Live Microorganisms,Specifications,Value,0.55 ± 0.02,(ii)
263422_28_May_2025,28-May-2025,7. Live Microorganisms,Specifications,Parameters,pH (1% aqueous solution),(iii)
263422_28_May_2025,28-May-2025,7. Live Microorganisms,Specifications,Value,5-6,(iii)
263422_28_May_2025,28-May-2025,7. Live Microorganisms,Specifications,Parameters,"Solubility per cent., minimum",(iv)
263422_28_May_2025,28-May-2025,7. Live Microorganisms,Specifications,Value,100,(iv)
263422_28_May_2025,28-May-2025,7. Live Microorganisms,Specifications,Parameters,Methylobacterium symbioticum (cfu/g minimum),(i)
263422_28_May_2025,28-May-2025,7. Live Microorganisms,Specifications,Value,0.5 x 10^7,(i)
263422_28_May_2025,28-May-2025,7. Live Microorganisms,Specifications,Parameters,Methylobacterium extroquens (cfu/g minimum),(ii)
263422_28_May_2025,28-May-2025,7. Live Microorganisms,Specifications,Value,0.5 x 10^7,(ii)
263422_28_May_2025,28-May-2025,7. Live Microorganisms,Specifications,Parameters,pH (1% aqueous solution),(iii)
263422_28_May_2025,28-May-2025,7. Live Microorganisms,Specifications,Value,6.5-7.5,(iii)
